Worker_ID,Worker_Name,Worker_Type,Skill_Level,Experience_Years,Team_ID,Project_ID,Join_Date
W001,Worker_1,Skilled,Intermediate,24,T10,P004,19-05-2025
W002,Worker_2,Unskilled,Advanced,20,T12,P001,16-09-2023
W003,Worker_3,Skilled,Beginner,6,T02,P003,06-10-2023
W004,Worker_4,Skilled,Expert,9,T07,P003,09-06-2024
W005,Worker_5,Skilled,Beginner,12,T03,P001,13-11-2024
W006,Worker_6,Unskilled,Beginner,16,T10,P005,26-01-2024
W007,Worker_7,Semi-Skilled,Advanced,20,T02,P003,20-04-2025
W008,Worker_8,Semi-Skilled,Advanced,13,T11,P005,16-11-2023
W009,Worker_9,Semi-Skilled,Expert,1,T07,P001,30-10-2023
W010,Worker_10,Unskilled,Advanced,21,T02,P005,22-10-2024
W011,Worker_11,Semi-Skilled,Advanced,10,T03,P002,22-11-2024
W012,Worker_12,Unskilled,Advanced,0,T11,P004,01-12-2025
W013,Worker_13,Semi-Skilled,Beginner,18,T07,P003,29-04-2024
W014,Worker_14,Semi-Skilled,Expert,20,T04,P006,09-10-2025
W015,Worker_15,Semi-Skilled,Intermediate,3,T01,P004,02-02-2025
W016,Worker_16,Skilled,Beginner,18,T05,P005,03-08-2025
W017,Worker_17,Unskilled,Advanced,20,T12,P003,21-11-2023
W018,Worker_18,Semi-Skilled,Beginner,10,T09,P005,09-09-2025
W019,Worker_19,Skilled,Advanced,7,T08,P002,02-01-2024
W020,Worker_20,Unskilled,Advanced,10,T12,P001,23-04-2024
W021,Worker_21,Semi-Skilled,Beginner,3,T09,P003,28-11-2024
W022,Worker_22,Semi-Skilled,Expert,16,T10,P002,24-06-2024
W023,Worker_23,Supervisor,Advanced,6,T09,P002,02-10-2023
W024,Worker_24,Semi-Skilled,Expert,7,T07,P003,20-09-2023
W025,Worker_25,Skilled,Intermediate,2,T04,P005,23-01-2024
W026,Worker_26,Supervisor,Advanced,21,T05,P006,07-05-2024
W027,Worker_27,Semi-Skilled,Expert,1,T01,P002,18-12-2024
W028,Worker_28,Skilled,Expert,22,T01,P004,06-01-2026
W029,Worker_29,Skilled,Intermediate,14,T03,P002,12-04-2025
W030,Worker_30,Unskilled,Expert,23,T08,P006,24-05-2025
W031,Worker_31,Semi-Skilled,Expert,21,T02,P005,26-09-2024
W032,Worker_32,Semi-Skilled,Intermediate,21,T04,P005,03-04-2025
W033,Worker_33,Unskilled,Advanced,4,T02,P004,28-02-2026
W034,Worker_34,Unskilled,Expert,23,T05,P002,16-05-2024
W035,Worker_35,Skilled,Expert,0,T09,P005,12-05-2024
W036,Worker_36,Skilled,Expert,3,T01,P006,20-02-2026
W037,Worker_37,Skilled,Beginner,14,T05,P003,05-03-2024
W038,Worker_38,Unskilled,Intermediate,19,T09,P001,02-08-2025
W039,Worker_39,Skilled,Beginner,18,T01,P001,17-06-2025
W040,Worker_40,Semi-Skilled,Intermediate,2,T09,P001,30-05-2025
W041,Worker_41,Unskilled,Advanced,19,T08,P002,02-05-2025
W042,Worker_42,Unskilled,Advanced,10,T04,P004,24-12-2024
W043,Worker_43,Skilled,Expert,16,T12,P005,03-09-2024
W044,Worker_44,Unskilled,Intermediate,12,T11,P003,18-11-2025
W045,Worker_45,Skilled,Advanced,10,T10,P006,05-11-2024
W046,Worker_46,Unskilled,Intermediate,1,T05,P003,22-04-2026
W047,Worker_47,Skilled,Advanced,8,T05,P006,06-07-2025
W048,Worker_48,Semi-Skilled,Beginner,1,T11,P002,04-05-2024
W049,Worker_49,Unskilled,Advanced,20,T12,P001,22-02-2024
W050,Worker_50,Skilled,Beginner,8,T06,P002,21-01-2026
W051,Worker_51,Skilled,Advanced,8,T07,P004,04-03-2025
W052,Worker_52,Unskilled,Expert,7,T08,P004,06-04-2025
W053,Worker_53,Unskilled,Beginner,16,T08,P006,15-03-2024
W054,Worker_54,Semi-Skilled,Advanced,0,T11,P005,01-10-2025
W055,Worker_55,Semi-Skilled,Expert,24,T02,P005,11-06-2024
W056,Worker_56,Semi-Skilled,Beginner,10,T09,P006,04-02-2026
W057,Worker_57,Skilled,Expert,7,T07,P004,27-10-2024
W058,Worker_58,Skilled,Intermediate,9,T04,P004,28-03-2025
W059,Worker_59,Skilled,Intermediate,24,T04,P004,22-09-2024
W060,Worker_60,Supervisor,Beginner,6,T11,P002,26-11-2023
W061,Worker_61,Semi-Skilled,Advanced,2,T08,P004,18-03-2026
W062,Worker_62,Semi-Skilled,Beginner,2,T04,P003,30-06-2024
W063,Worker_63,Semi-Skilled,Expert,17,T06,P001,25-01-2025
W064,Worker_64,Supervisor,Advanced,4,T05,P004,18-09-2024
W065,Worker_65,Skilled,Intermediate,11,T03,P006,27-06-2025
W066,Worker_66,Semi-Skilled,Advanced,11,T10,P001,06-02-2026
W067,Worker_67,Semi-Skilled,Intermediate,18,T11,P002,31-01-2026
W068,Worker_68,Semi-Skilled,Advanced,5,T02,P006,12-07-2024
W069,Worker_69,Skilled,Advanced,1,T09,P001,29-06-2024
W070,Worker_70,Unskilled,Advanced,11,T10,P006,19-05-2024
W071,Worker_71,Supervisor,Expert,18,T09,P002,10-10-2023
W072,Worker_72,Semi-Skilled,Expert,4,T01,P003,18-10-2023
W073,Worker_73,Semi-Skilled,Beginner,11,T10,P002,03-09-2025
W074,Worker_74,Supervisor,Beginner,16,T03,P002,20-12-2023
W075,Worker_75,Unskilled,Intermediate,16,T08,P006,01-05-2026
W076,Worker_76,Skilled,Expert,9,T06,P005,20-09-2025
W077,Worker_77,Semi-Skilled,Intermediate,24,T05,P004,22-02-2024
W078,Worker_78,Semi-Skilled,Beginner,22,T05,P004,18-04-2024
W079,Worker_79,Semi-Skilled,Intermediate,16,T06,P003,20-10-2023
W080,Worker_80,Unskilled,Beginner,14,T07,P003,17-10-2023
W081,Worker_81,Supervisor,Expert,11,T01,P004,21-09-2024
W082,Worker_82,Supervisor,Advanced,15,T09,P005,07-01-2026
W083,Worker_83,Semi-Skilled,Expert,23,T03,P004,06-07-2024
W084,Worker_84,Skilled,Intermediate,18,T04,P005,28-10-2023
W085,Worker_85,Supervisor,Intermediate,7,T10,P003,20-01-2026
W086,Worker_86,Unskilled,Expert,20,T01,P001,21-10-2025
W087,Worker_87,Skilled,Expert,16,T11,P006,18-11-2025
W088,Worker_88,Supervisor,Beginner,22,T10,P003,14-12-2023
W089,Worker_89,Unskilled,Intermediate,4,T03,P003,02-02-2026
W090,Worker_90,Semi-Skilled,Intermediate,21,T02,P002,16-06-2024
W091,Worker_91,Semi-Skilled,Expert,15,T02,P002,01-01-2026
W092,Worker_92,Semi-Skilled,Advanced,5,T01,P002,11-12-2025
W093,Worker_93,Skilled,Intermediate,7,T08,P006,17-01-2026
W094,Worker_94,Skilled,Advanced,24,T03,P002,28-11-2023
W095,Worker_95,Unskilled,Expert,17,T03,P005,01-03-2025
W096,Worker_96,Skilled,Expert,24,T06,P004,02-07-2025
W097,Worker_97,Skilled,Beginner,11,T08,P001,13-12-2023
W098,Worker_98,Semi-Skilled,Intermediate,14,T09,P003,20-06-2025
W099,Worker_99,Semi-Skilled,Advanced,8,T09,P005,13-09-2023
W100,Worker_100,Supervisor,Beginner,12,T04,P001,06-08-2024
W101,Worker_101,Skilled,Intermediate,14,T05,P005,13-11-2023
W102,Worker_102,Skilled,Beginner,9,T02,P005,24-04-2026
W103,Worker_103,Unskilled,Expert,15,T11,P003,20-03-2024
W104,Worker_104,Semi-Skilled,Intermediate,6,T09,P004,19-02-2026
W105,Worker_105,Skilled,Beginner,16,T08,P002,09-05-2025
W106,Worker_106,Semi-Skilled,Beginner,22,T03,P006,22-09-2025
W107,Worker_107,Skilled,Advanced,20,T11,P004,13-03-2025
W108,Worker_108,Skilled,Beginner,21,T12,P006,27-10-2024
W109,Worker_109,Semi-Skilled,Intermediate,6,T09,P003,28-04-2025
W110,Worker_110,Semi-Skilled,Intermediate,13,T03,P003,17-05-2024
W111,Worker_111,Supervisor,Advanced,14,T09,P003,12-08-2025
W112,Worker_112,Semi-Skilled,Intermediate,20,T02,P001,14-01-2024
W113,Worker_113,Semi-Skilled,Expert,6,T12,P006,12-06-2024
W114,Worker_114,Semi-Skilled,Intermediate,8,T10,P004,25-12-2023
W115,Worker_115,Skilled,Intermediate,18,T09,P004,19-06-2025
W116,Worker_116,Semi-Skilled,Beginner,15,T08,P005,08-02-2026
W117,Worker_117,Skilled,Beginner,7,T09,P005,19-06-2025
W118,Worker_118,Supervisor,Intermediate,17,T05,P005,12-01-2026
W119,Worker_119,Skilled,Advanced,22,T11,P003,25-08-2025
W120,Worker_120,Semi-Skilled,Beginner,17,T11,P004,15-04-2025
W121,Worker_121,Skilled,Advanced,19,T02,P006,26-04-2026
W122,Worker_122,Supervisor,Intermediate,6,T08,P003,29-01-2025
W123,Worker_123,Semi-Skilled,Intermediate,2,T12,P001,08-02-2026
W124,Worker_124,Semi-Skilled,Expert,17,T06,P005,07-10-2025
W125,Worker_125,Skilled,Beginner,9,T08,P003,15-11-2023
W126,Worker_126,Unskilled,Intermediate,6,T11,P003,08-04-2025
W127,Worker_127,Skilled,Expert,16,T05,P001,23-06-2025
W128,Worker_128,Unskilled,Beginner,13,T10,P002,11-04-2026
W129,Worker_129,Skilled,Intermediate,23,T02,P004,19-03-2025
W130,Worker_130,Skilled,Intermediate,2,T06,P006,20-11-2023
W131,Worker_131,Skilled,Beginner,11,T05,P002,04-12-2024
W132,Worker_132,Semi-Skilled,Beginner,12,T12,P005,27-12-2025
W133,Worker_133,Semi-Skilled,Beginner,1,T12,P003,14-02-2024
W134,Worker_134,Skilled,Intermediate,2,T05,P001,02-06-2024
W135,Worker_135,Unskilled,Intermediate,4,T01,P001,11-12-2023
W136,Worker_136,Semi-Skilled,Expert,10,T02,P004,19-04-2026
W137,Worker_137,Semi-Skilled,Advanced,7,T08,P002,21-04-2026
W138,Worker_138,Semi-Skilled,Beginner,22,T03,P004,05-02-2026
W139,Worker_139,Semi-Skilled,Intermediate,22,T10,P003,25-11-2024
W140,Worker_140,Semi-Skilled,Intermediate,11,T03,P004,06-11-2023
W141,Worker_141,Skilled,Beginner,6,T08,P006,12-11-2024
W142,Worker_142,Skilled,Advanced,14,T08,P001,06-07-2025
W143,Worker_143,Unskilled,Beginner,23,T02,P001,02-09-2025
W144,Worker_144,Supervisor,Advanced,16,T08,P005,01-01-2026
W145,Worker_145,Semi-Skilled,Intermediate,3,T11,P005,07-12-2025
W146,Worker_146,Skilled,Advanced,21,T01,P003,13-10-2024
W147,Worker_147,Semi-Skilled,Expert,24,T06,P006,13-04-2024
W148,Worker_148,Semi-Skilled,Intermediate,12,T08,P002,12-05-2025
W149,Worker_149,Skilled,Expert,17,T03,P004,17-06-2024
W150,Worker_150,Skilled,Beginner,0,T08,P003,11-11-2023
