Worker_ID,Overtime_Ratio,Break_Adequacy,Consecutive_Days,Workload_Score,Productivity_Change,Avg_Productivity,Avg_Overtime_Hours,Attendance_Rate,Worker_Name,Worker_Type,Skill_Level,Team_ID,Project_ID
W001,0.137,0.978,6,1.833,0.003,0.802,1.268,0.867,Worker_1,Skilled,Intermediate,T10,P004
W002,0.187,0.873,13,2.16,0.033,0.733,1.837,0.833,Worker_2,Unskilled,Advanced,T12,P001
W003,0.136,0.893,8,1.92,0.036,0.778,1.255,0.833,Worker_3,Skilled,Beginner,T02,P003
W004,0.211,0.815,10,2.377,-0.025,0.699,2.138,0.856,Worker_4,Skilled,Expert,T07,P003
W005,0.167,0.94,13,2.13,-0.011,0.767,1.605,0.856,Worker_5,Skilled,Beginner,T03,P001
W006,0.149,0.969,8,2.082,-0.009,0.779,1.401,0.811,Worker_6,Unskilled,Beginner,T10,P005
W007,0.173,0.884,20,1.974,-0.005,0.74,1.674,0.844,Worker_7,Semi-Skilled,Advanced,T02,P003
W008,0.228,0.754,6,2.446,-0.023,0.681,2.366,0.822,Worker_8,Semi-Skilled,Advanced,T11,P005
W009,0.187,0.893,6,1.944,-0.02,0.747,1.845,0.789,Worker_9,Semi-Skilled,Expert,T07,P001
W010,0.178,0.841,9,2.082,-0.008,0.737,1.733,0.811,Worker_10,Unskilled,Advanced,T02,P005
W011,0.152,0.929,13,2.16,0.013,0.754,1.435,0.833,Worker_11,Semi-Skilled,Advanced,T03,P002
W012,0.178,0.853,13,2.253,0.003,0.714,1.732,0.878,Worker_12,Unskilled,Advanced,T11,P004
W013,0.199,0.834,13,2.053,0.042,0.734,1.987,0.844,Worker_13,Semi-Skilled,Beginner,T07,P003
W014,0.131,0.954,6,1.96,0.002,0.792,1.204,0.833,Worker_14,Semi-Skilled,Expert,T04,P006
W015,0.247,0.785,13,2.286,-0.025,0.66,2.622,0.856,Worker_15,Semi-Skilled,Intermediate,T01,P004
W016,0.149,0.933,6,1.961,0.032,0.772,1.4,0.844,Worker_16,Skilled,Beginner,T05,P005
W017,0.228,0.753,15,2.266,-0.001,0.669,2.361,0.878,Worker_17,Unskilled,Advanced,T12,P003
W018,0.174,0.859,10,2.0,0.012,0.752,1.68,0.844,Worker_18,Semi-Skilled,Beginner,T09,P005
W019,0.155,0.977,6,1.868,0.009,0.778,1.472,0.844,Worker_19,Skilled,Advanced,T08,P002
W020,0.207,0.84,13,2.256,-0.031,0.707,2.092,0.867,Worker_20,Unskilled,Advanced,T12,P001
W021,0.193,0.867,6,2.105,0.027,0.734,1.912,0.844,Worker_21,Semi-Skilled,Beginner,T09,P003
W022,0.172,0.899,20,2.234,0.018,0.731,1.665,0.856,Worker_22,Semi-Skilled,Expert,T10,P002
W023,0.226,0.806,13,2.064,-0.043,0.694,2.342,0.867,Worker_23,Supervisor,Advanced,T09,P002
W024,0.173,0.902,13,2.039,0.002,0.739,1.674,0.844,Worker_24,Semi-Skilled,Expert,T07,P003
W025,0.121,0.994,6,2.091,0.007,0.785,1.104,0.856,Worker_25,Skilled,Intermediate,T04,P005
W026,0.198,0.835,15,2.051,-0.023,0.702,1.978,0.867,Worker_26,Supervisor,Advanced,T05,P006
W027,0.115,0.93,6,1.892,-0.026,0.785,1.043,0.822,Worker_27,Semi-Skilled,Expert,T01,P002
W028,0.239,0.744,13,2.051,-0.032,0.687,2.517,0.867,Worker_28,Skilled,Expert,T01,P004
W029,0.215,0.846,20,2.162,-0.035,0.713,2.189,0.889,Worker_29,Skilled,Intermediate,T03,P002
W030,0.199,0.828,10,2.274,0.026,0.716,1.988,0.811,Worker_30,Unskilled,Expert,T08,P006
W031,0.202,0.844,6,1.961,-0.017,0.722,2.03,0.856,Worker_31,Semi-Skilled,Expert,T02,P005
W032,0.141,0.959,13,2.08,-0.024,0.772,1.317,0.833,Worker_32,Semi-Skilled,Intermediate,T04,P005
W033,0.208,0.805,13,2.09,-0.002,0.711,2.104,0.867,Worker_33,Unskilled,Advanced,T02,P004
W034,0.159,0.893,6,1.909,0.043,0.765,1.513,0.856,Worker_34,Unskilled,Expert,T05,P002
W035,0.232,0.785,16,2.286,-0.007,0.687,2.423,0.856,Worker_35,Skilled,Expert,T09,P005
W036,0.243,0.752,10,2.208,-0.006,0.664,2.571,0.856,Worker_36,Skilled,Expert,T01,P006
W037,0.211,0.801,13,2.187,-0.007,0.701,2.144,0.833,Worker_37,Skilled,Beginner,T05,P003
W038,0.155,0.908,13,2.064,-0.018,0.752,1.465,0.867,Worker_38,Unskilled,Intermediate,T09,P001
W039,0.19,0.873,6,2.151,-0.024,0.742,1.874,0.811,Worker_39,Skilled,Beginner,T01,P001
W040,0.119,0.937,13,1.961,-0.004,0.776,1.083,0.844,Worker_40,Semi-Skilled,Intermediate,T09,P001
W041,0.192,0.916,6,2.028,0.01,0.735,1.9,0.8,Worker_41,Unskilled,Advanced,T08,P002
W042,0.183,0.909,7,2.104,0.004,0.748,1.791,0.856,Worker_42,Unskilled,Advanced,T04,P004
W043,0.208,0.797,13,2.253,-0.028,0.695,2.101,0.878,Worker_43,Skilled,Expert,T12,P005
W044,0.226,0.751,13,2.421,0.012,0.671,2.33,0.844,Worker_44,Unskilled,Intermediate,T11,P003
W045,0.183,0.876,13,2.117,0.008,0.728,1.79,0.856,Worker_45,Skilled,Advanced,T10,P006
W046,0.158,0.971,11,2.014,-0.023,0.762,1.497,0.822,Worker_46,Unskilled,Intermediate,T05,P003
W047,0.226,0.78,13,2.053,-0.045,0.694,2.341,0.833,Worker_47,Skilled,Advanced,T05,P006
W048,0.265,0.666,13,2.243,-0.005,0.642,2.877,0.822,Worker_48,Semi-Skilled,Beginner,T11,P002
W049,0.157,0.979,12,2.051,-0.015,0.779,1.486,0.867,Worker_49,Unskilled,Advanced,T12,P001
W050,0.175,0.896,6,2.026,0.017,0.75,1.697,0.844,Worker_50,Skilled,Beginner,T06,P002
W051,0.16,0.932,6,2.078,0.041,0.764,1.519,0.856,Worker_51,Skilled,Advanced,T07,P004
W052,0.156,0.908,10,2.16,0.022,0.761,1.484,0.833,Worker_52,Unskilled,Expert,T08,P004
W053,0.192,0.925,13,2.143,-0.022,0.735,1.901,0.856,Worker_53,Unskilled,Beginner,T08,P006
W054,0.211,0.796,20,1.974,-0.037,0.688,2.137,0.867,Worker_54,Semi-Skilled,Advanced,T11,P005
W055,0.148,0.966,13,2.104,0.003,0.777,1.392,0.856,Worker_55,Semi-Skilled,Expert,T02,P005
W056,0.189,0.868,13,2.141,-0.039,0.736,1.862,0.867,Worker_56,Semi-Skilled,Beginner,T09,P006
W057,0.228,0.768,8,2.162,-0.001,0.683,2.362,0.822,Worker_57,Skilled,Expert,T07,P004
W058,0.17,0.841,13,2.269,0.006,0.726,1.642,0.867,Worker_58,Skilled,Intermediate,T04,P004
W059,0.217,0.819,12,2.416,-0.029,0.693,2.217,0.856,Worker_59,Skilled,Intermediate,T04,P004
W060,0.135,0.963,6,1.868,0.011,0.789,1.245,0.844,Worker_60,Supervisor,Beginner,T11,P002
W061,0.171,0.918,7,1.974,0.012,0.752,1.654,0.844,Worker_61,Semi-Skilled,Advanced,T08,P004
W062,0.239,0.745,26,2.234,-0.024,0.661,2.517,0.856,Worker_62,Semi-Skilled,Beginner,T04,P003
W063,0.209,0.8,13,2.266,-0.034,0.698,2.114,0.878,Worker_63,Semi-Skilled,Expert,T06,P001
W064,0.158,0.881,9,1.932,-0.028,0.762,1.5,0.811,Worker_64,Supervisor,Advanced,T05,P004
W065,0.198,0.783,13,2.16,0.011,0.694,1.977,0.833,Worker_65,Skilled,Intermediate,T03,P006
W066,0.131,0.92,13,1.9,-0.022,0.767,1.208,0.889,Worker_66,Semi-Skilled,Advanced,T10,P001
W067,0.243,0.771,17,2.192,0.031,0.664,2.574,0.867,Worker_67,Semi-Skilled,Intermediate,T11,P002
W068,0.171,0.868,13,2.027,0.004,0.742,1.645,0.822,Worker_68,Semi-Skilled,Advanced,T02,P006
W069,0.199,0.873,13,1.859,-0.031,0.737,1.987,0.867,Worker_69,Skilled,Advanced,T09,P001
W070,0.138,0.953,6,2.067,-0.025,0.769,1.276,0.833,Worker_70,Unskilled,Advanced,T10,P006
W071,0.14,0.938,13,1.961,-0.057,0.774,1.304,0.856,Worker_71,Supervisor,Expert,T09,P002
W072,0.198,0.811,13,2.231,0.007,0.708,1.971,0.867,Worker_72,Semi-Skilled,Expert,T01,P003
W073,0.149,0.915,6,2.169,-0.016,0.773,1.399,0.856,Worker_73,Semi-Skilled,Beginner,T10,P002
W074,0.184,0.876,9,2.253,0.002,0.744,1.8,0.833,Worker_74,Supervisor,Beginner,T03,P002
W075,0.133,0.957,6,1.88,0.026,0.787,1.225,0.833,Worker_75,Unskilled,Intermediate,T08,P006
W076,0.213,0.817,18,2.077,-0.005,0.704,2.163,0.867,Worker_76,Skilled,Expert,T06,P005
W077,0.144,0.886,20,2.053,0.001,0.748,1.349,0.833,Worker_77,Semi-Skilled,Intermediate,T05,P004
W078,0.173,0.929,13,1.947,-0.029,0.755,1.675,0.844,Worker_78,Semi-Skilled,Beginner,T05,P004
W079,0.18,0.873,20,2.053,-0.022,0.729,1.751,0.844,Worker_79,Semi-Skilled,Intermediate,T06,P003
W080,0.225,0.813,13,2.241,0.011,0.7,2.328,0.878,Worker_80,Unskilled,Beginner,T07,P003
W081,0.143,0.957,6,1.917,0.006,0.777,1.338,0.8,Worker_81,Supervisor,Expert,T01,P004
W082,0.236,0.771,14,2.11,-0.021,0.666,2.476,0.911,Worker_82,Supervisor,Advanced,T09,P005
W083,0.176,0.87,13,2.115,0.036,0.751,1.704,0.867,Worker_83,Semi-Skilled,Expert,T03,P004
W084,0.174,0.893,6,2.013,-0.002,0.756,1.686,0.844,Worker_84,Skilled,Intermediate,T04,P005
W085,0.186,0.824,13,2.0,0.07,0.732,1.828,0.878,Worker_85,Supervisor,Intermediate,T10,P003
W086,0.223,0.78,13,2.324,-0.052,0.683,2.292,0.822,Worker_86,Unskilled,Expert,T01,P001
W087,0.26,0.721,10,2.31,-0.016,0.657,2.806,0.789,Worker_87,Skilled,Expert,T11,P006
W088,0.161,0.9,13,2.05,-0.023,0.748,1.53,0.889,Worker_88,Supervisor,Beginner,T10,P003
W089,0.14,0.925,7,2.093,0.015,0.768,1.3,0.833,Worker_89,Unskilled,Intermediate,T03,P003
W090,0.169,0.893,13,1.909,0.012,0.745,1.629,0.856,Worker_90,Semi-Skilled,Intermediate,T02,P002
W091,0.16,0.876,13,1.96,-0.017,0.747,1.521,0.833,Worker_91,Semi-Skilled,Expert,T02,P002
W092,0.231,0.767,11,2.197,-0.009,0.678,2.409,0.844,Worker_92,Semi-Skilled,Advanced,T01,P002
W093,0.15,0.927,13,1.91,0.026,0.77,1.417,0.867,Worker_93,Skilled,Intermediate,T08,P006
W094,0.238,0.756,13,2.295,-0.022,0.665,2.505,0.867,Worker_94,Skilled,Advanced,T03,P002
W095,0.161,0.919,13,2.063,-0.002,0.756,1.541,0.878,Worker_95,Unskilled,Expert,T03,P005
W096,0.243,0.718,7,2.368,0.014,0.652,2.57,0.844,Worker_96,Skilled,Expert,T06,P004
W097,0.164,0.944,13,2.013,-0.022,0.754,1.565,0.867,Worker_97,Skilled,Beginner,T08,P001
W098,0.188,0.801,25,2.234,-0.009,0.696,1.852,0.856,Worker_98,Semi-Skilled,Intermediate,T09,P003
W099,0.19,0.83,13,2.189,-0.026,0.72,1.872,0.822,Worker_99,Semi-Skilled,Advanced,T09,P005
W100,0.25,0.716,13,2.208,-0.014,0.675,2.66,0.8,Worker_100,Supervisor,Beginner,T04,P001
W101,0.213,0.748,13,2.295,0.032,0.689,2.16,0.867,Worker_101,Skilled,Intermediate,T05,P005
W102,0.174,0.913,6,2.194,0.012,0.749,1.689,0.8,Worker_102,Skilled,Beginner,T02,P005
W103,0.171,0.906,6,2.053,0.029,0.753,1.645,0.833,Worker_103,Unskilled,Expert,T11,P003
W104,0.243,0.76,13,2.16,0.005,0.683,2.563,0.833,Worker_104,Semi-Skilled,Intermediate,T09,P004
W105,0.181,0.898,13,2.141,-0.013,0.741,1.763,0.867,Worker_105,Skilled,Beginner,T08,P002
W106,0.151,0.913,6,1.919,0.018,0.78,1.426,0.822,Worker_106,Semi-Skilled,Beginner,T03,P006
W107,0.21,0.847,11,2.301,-0.013,0.728,2.122,0.811,Worker_107,Skilled,Advanced,T11,P004
W108,0.155,0.918,6,2.132,0.009,0.765,1.471,0.844,Worker_108,Skilled,Beginner,T12,P006
W109,0.199,0.815,13,2.247,-0.018,0.71,1.988,0.856,Worker_109,Semi-Skilled,Intermediate,T09,P003
W110,0.136,0.939,6,1.973,-0.009,0.784,1.258,0.822,Worker_110,Semi-Skilled,Intermediate,T03,P003
W111,0.154,0.935,13,2.0,0.029,0.767,1.458,0.867,Worker_111,Supervisor,Advanced,T09,P003
W112,0.152,0.895,6,1.84,-0.008,0.766,1.437,0.833,Worker_112,Semi-Skilled,Intermediate,T02,P001
W113,0.225,0.814,13,2.143,0.022,0.702,2.329,0.856,Worker_113,Semi-Skilled,Expert,T12,P006
W114,0.212,0.812,6,2.227,-0.007,0.702,2.155,0.833,Worker_114,Semi-Skilled,Intermediate,T10,P004
W115,0.131,0.985,6,1.724,0.003,0.794,1.207,0.844,Worker_115,Skilled,Intermediate,T09,P004
W116,0.249,0.729,18,2.4,-0.037,0.644,2.659,0.889,Worker_116,Semi-Skilled,Beginner,T08,P005
W117,0.196,0.847,20,2.342,-0.069,0.701,1.946,0.844,Worker_117,Skilled,Beginner,T09,P005
W118,0.16,0.915,6,2.153,0.013,0.749,1.525,0.8,Worker_118,Supervisor,Intermediate,T05,P005
W119,0.168,0.844,13,2.111,-0.014,0.74,1.612,0.8,Worker_119,Skilled,Advanced,T11,P003
W120,0.167,0.886,13,2.026,-0.007,0.738,1.601,0.856,Worker_120,Semi-Skilled,Beginner,T11,P004
W121,0.132,0.944,13,1.861,0.028,0.782,1.216,0.878,Worker_121,Skilled,Advanced,T02,P006
W122,0.261,0.709,13,2.205,0.056,0.654,2.831,0.867,Worker_122,Supervisor,Intermediate,T08,P003
W123,0.147,0.929,6,2.107,0.031,0.758,1.384,0.833,Worker_123,Semi-Skilled,Intermediate,T12,P001
W124,0.156,0.978,6,2.026,0.008,0.765,1.477,0.856,Worker_124,Semi-Skilled,Expert,T06,P005
W125,0.16,0.895,13,2.167,-0.001,0.748,1.527,0.867,Worker_125,Skilled,Beginner,T08,P003
W126,0.241,0.815,13,2.203,0.005,0.674,2.537,0.878,Worker_126,Unskilled,Intermediate,T11,P003
W127,0.201,0.862,9,2.0,-0.004,0.735,2.012,0.844,Worker_127,Skilled,Expert,T05,P001
W128,0.239,0.788,13,2.333,-0.006,0.685,2.507,0.833,Worker_128,Unskilled,Beginner,T10,P002
W129,0.235,0.783,12,2.427,-0.012,0.673,2.459,0.833,Worker_129,Skilled,Intermediate,T02,P004
W130,0.155,0.921,6,2.085,-0.009,0.76,1.462,0.789,Worker_130,Skilled,Intermediate,T06,P006
W131,0.18,0.879,20,2.05,0.014,0.731,1.751,0.889,Worker_131,Skilled,Beginner,T05,P002
W132,0.158,0.901,6,1.987,-0.013,0.773,1.497,0.844,Worker_132,Semi-Skilled,Beginner,T12,P005
W133,0.187,0.886,13,2.053,0.028,0.753,1.836,0.833,Worker_133,Semi-Skilled,Beginner,T12,P003
W134,0.136,0.943,9,2.078,-0.026,0.776,1.262,0.856,Worker_134,Skilled,Intermediate,T05,P001
W135,0.145,0.923,6,1.917,-0.041,0.782,1.357,0.8,Worker_135,Unskilled,Intermediate,T01,P001
W136,0.266,0.714,34,2.458,-0.016,0.622,2.904,0.922,Worker_136,Semi-Skilled,Expert,T02,P004
W137,0.186,0.884,13,1.987,0.003,0.751,1.834,0.856,Worker_137,Semi-Skilled,Advanced,T08,P002
W138,0.179,0.881,7,2.067,-0.018,0.749,1.74,0.833,Worker_138,Semi-Skilled,Beginner,T03,P004
W139,0.159,0.909,7,2.132,-0.001,0.766,1.511,0.844,Worker_139,Semi-Skilled,Intermediate,T10,P003
W140,0.218,0.866,14,2.243,-0.048,0.726,2.234,0.822,Worker_140,Semi-Skilled,Intermediate,T03,P004
W141,0.199,0.831,13,2.325,-0.029,0.714,1.984,0.856,Worker_141,Skilled,Beginner,T08,P006
W142,0.139,0.908,6,2.145,-0.023,0.783,1.295,0.844,Worker_142,Skilled,Advanced,T08,P001
W143,0.253,0.731,20,2.221,-0.048,0.654,2.704,0.856,Worker_143,Unskilled,Beginner,T02,P001
W144,0.161,0.916,6,2.026,-0.004,0.761,1.539,0.856,Worker_144,Supervisor,Advanced,T08,P005
W145,0.191,0.847,13,2.154,0.018,0.704,1.888,0.867,Worker_145,Semi-Skilled,Intermediate,T11,P005
W146,0.186,0.852,13,2.038,0.008,0.721,1.83,0.878,Worker_146,Skilled,Advanced,T01,P003
W147,0.197,0.881,13,2.105,-0.01,0.742,1.966,0.844,Worker_147,Semi-Skilled,Expert,T06,P006
W148,0.229,0.76,24,2.351,-0.001,0.676,2.371,0.856,Worker_148,Semi-Skilled,Intermediate,T08,P002
W149,0.272,0.727,13,2.192,-0.022,0.656,2.995,0.867,Worker_149,Skilled,Expert,T03,P004
W150,0.187,0.904,13,2.068,-0.019,0.736,1.838,0.822,Worker_150,Skilled,Beginner,T08,P003
